fish_id,group,window,rate_Hz,auc_per_s,duty_cycle,median_IEI_s,cv_IEI,burstiness,fano,prop_responsive_ROIs,n_ROIs
FISH_07,Mutant + Mn,during,0.15000000000000002,0.49109132025671487,0.041666666666666664,0.6944444444444444,0.6801360408136048,0.0,1.0000000000000002,0.5790227313406121,11174
FISH_07,Mutant + Mn,post,0.15,0.4513402063335248,0.041666666666666664,1.1111111111111112,0.9381845828080343,0.14285714285714285,1.0000000000000002,0.656255593341686,11174
FISH_07,Mutant + Mn,pre,0.0,0.0,0.0,0.5555555555555556,0.5471012044321932,0.0,1.0000000000000002,0.37488813316627884,11174
