fish_id,group,window,rate_Hz,auc_per_s,duty_cycle,median_IEI_s,cv_IEI,burstiness,fano,prop_responsive_ROIs,n_ROIs
FISH_07,Mutant + Mn,during,1.6500000000000001,0.08107635731973831,0.4583333333333333,0.2777777777777778,0.4714045207910317,0.0,1.5142857142857142,0.971304347826087,10350
FISH_07,Mutant + Mn,post,1.7,0.0807668139665865,0.4722222222222222,0.2777777777777778,1.5471742251949578,0.0,1.411764705882353,1.0,10350
FISH_07,Mutant + Mn,pre,2.1,0.048939900378070084,0.5833333333333334,0.2777777777777778,0.0,0.0,0.8749999999999999,0.7765217391304348,10350
