fish_id,group,window,rate_Hz,auc_per_s,duty_cycle,median_IEI_s,cv_IEI,burstiness,fano,prop_responsive_ROIs,n_ROIs
FISH_07,Mutant + Mn,during,1.6500000000000001,0.08427042615771227,0.4583333333333333,0.2777777777777778,0.4767693605473971,0.0,1.4857142857142858,0.9698280409325878,9479
FISH_07,Mutant + Mn,post,1.7,0.07935848579584072,0.4722222222222222,0.2777777777777778,1.5579235202082298,0.0,1.4201680672268906,1.0,9479
FISH_07,Mutant + Mn,pre,1.8000000000000003,0.049409522271270816,0.5,0.2777777777777778,0.0,0.0,0.8749999999999999,0.7561979111720646,9479
