fish_id,group,window,rate_Hz,auc_per_s,duty_cycle,median_IEI_s,cv_IEI,burstiness,fano,prop_responsive_ROIs,n_ROIs
FISH_07,Mutant + Mn,during,0.0,0.0,0.0,0.9722222222222222,0.6776309271789384,0.0,1.0000000000000002,0.4656449553001277,3915
FISH_07,Mutant + Mn,post,0.05,0.06279672461849836,0.013888888888888888,1.9444444444444444,0.8930289311452361,0.2,0.9495798319327732,0.542528735632184,3915
FISH_07,Mutant + Mn,pre,0.0,0.0,0.0,0.6944444444444444,0.4999999999999999,0.0,1.0000000000000002,0.2996168582375479,3915
