fish_id,group,window,rate_Hz,auc_per_s,duty_cycle,median_IEI_s,cv_IEI,burstiness,fano,prop_responsive_ROIs,n_ROIs
FISH_07,Mutant + Mn,during,0.15000000000000002,0.2935128073053871,0.041666666666666664,0.8333333333333333,0.6666145812986694,0.0,1.0000000000000002,0.5548053592151071,9479
FISH_07,Mutant + Mn,post,0.15,0.5032454586374822,0.041666666666666664,1.1111111111111112,0.9245517325635583,0.14285714285714285,1.0000000000000002,0.6822449625487921,9479
FISH_07,Mutant + Mn,pre,0.0,0.0,0.0,0.5555555555555556,0.5507570547286101,0.0,1.0000000000000002,0.3569996835109189,9479
