fish_id,group,window,rate_Hz,auc_per_s,duty_cycle,median_IEI_s,cv_IEI,burstiness,fano,prop_responsive_ROIs,n_ROIs
FISH_07,Mutant + Mn,during,0.30000000000000004,1.027723994489026,0.08333333333333333,0.6944444444444444,0.6928203230275508,0.0,1.0000000000000002,0.653787734953484,10534
FISH_07,Mutant + Mn,post,0.25,0.900605627307105,0.06944444444444445,0.8333333333333333,0.9127628907194663,0.0,1.0000000000000002,0.737516612872603,10534
FISH_07,Mutant + Mn,pre,0.0,0.0,0.0,0.5555555555555556,0.5163977794943223,0.0,1.0000000000000002,0.46364154167457755,10534
