fish_id,group,window,rate_Hz,auc_per_s,duty_cycle,median_IEI_s,cv_IEI,burstiness,fano,prop_responsive_ROIs,n_ROIs
FISH_07,Mutant + Mn,during,1.8000000000000003,0.08595015142473714,0.5,0.2777777777777778,0.5303300858899107,0.0,1.4857142857142858,0.9855581576893052,10248
FISH_07,Mutant + Mn,post,1.7,0.07598588215273308,0.4722222222222222,0.2777777777777778,1.5589481128308995,0.0,1.397565922920892,1.0,10248
FISH_07,Mutant + Mn,pre,1.8000000000000003,0.04794666197093282,0.5,0.2777777777777778,0.0,0.0,1.0,0.7757611241217799,10248
