fish_id,group,window,rate_Hz,auc_per_s,duty_cycle,median_IEI_s,cv_IEI,burstiness,fano,prop_responsive_ROIs,n_ROIs
FISH_07,Mutant + Mn,during,0.15000000000000002,0.3850011416154019,0.041666666666666664,0.6944444444444444,0.6478475203217486,0.0,1.0000000000000002,0.5656038647342995,10350
FISH_07,Mutant + Mn,post,0.2,0.633359507176372,0.05555555555555555,0.9722222222222222,0.959563049348369,0.125,1.0000000000000002,0.6997101449275362,10350
FISH_07,Mutant + Mn,pre,0.0,0.0,0.0,0.5555555555555556,0.5471012044321931,0.0,1.0000000000000002,0.40743961352657004,10350
