fish_id,group,window,rate_Hz,auc_per_s,duty_cycle,median_IEI_s,cv_IEI,burstiness,fano,prop_responsive_ROIs,n_ROIs
FISH_07,Mutant + Mn,during,1.9500000000000002,0.14373542874407388,0.5416666666666666,0.2777777777777778,0.5662198468208594,0.0,1.1818181818181819,0.9945995988273415,6481
FISH_07,Mutant + Mn,post,1.7,0.11505273552696531,0.4722222222222222,0.2777777777777778,1.52486886206995,0.0,1.360294117647059,1.0,6481
FISH_07,Mutant + Mn,pre,1.8000000000000003,0.0659508628465331,0.5,0.2777777777777778,0.0,0.0,1.0,0.7608393766394075,6481
