fish_id,group,window,rate_Hz,auc_per_s,duty_cycle,median_IEI_s,cv_IEI,burstiness,fano,prop_responsive_ROIs,n_ROIs
FISH_07,Mutant + Mn,during,1.8000000000000003,0.0904221067922015,0.5,0.2777777777777778,0.4767693605473972,0.0,1.4000000000000001,0.9734204403078576,11174
FISH_07,Mutant + Mn,post,1.7,0.08003377330943967,0.4722222222222222,0.2777777777777778,1.5614443802305806,0.0,1.4256055363321802,1.0,11174
FISH_07,Mutant + Mn,pre,2.1,0.05458458079699033,0.5833333333333334,0.2777777777777778,0.0,0.0,0.8749999999999999,0.795596921424736,11174
