fish_id,group,window,rate_Hz,auc_per_s,duty_cycle,median_IEI_s,cv_IEI,burstiness,fano,prop_responsive_ROIs,n_ROIs
FISH_07,Mutant + Mn,during,1.6500000000000001,0.0758161021560795,0.4583333333333333,0.2777777777777778,0.4618802153517006,0.0,1.4857142857142858,0.9606986899563319,10534
FISH_07,Mutant + Mn,post,1.7,0.07433128437742717,0.4722222222222222,0.2777777777777778,1.5469287240079945,0.0,1.42560553633218,1.0,10534
FISH_07,Mutant + Mn,pre,1.8000000000000003,0.045373123718182515,0.5,0.2777777777777778,0.0,0.0,0.8750000000000001,0.7411239794949687,10534
