fish_id,group,window,rate_Hz,auc_per_s,duty_cycle,median_IEI_s,cv_IEI,burstiness,fano,prop_responsive_ROIs,n_ROIs
FISH_07,Mutant + Mn,during,1.8000000000000003,0.13746992531670957,0.5,0.2777777777777778,0.5879447357921311,0.0,1.4,0.9902937420178799,3915
FISH_07,Mutant + Mn,post,1.7,0.12116299426700752,0.4722222222222222,0.2777777777777778,1.5242955803218192,0.0,1.3670588235294119,1.0,3915
FISH_07,Mutant + Mn,pre,2.1,0.07852795427665145,0.5833333333333334,0.2777777777777778,0.0,0.0,0.8750000000000001,0.78058748403576,3915
