fish_id,group,window,rate_Hz,auc_per_s,duty_cycle,median_IEI_s,cv_IEI,burstiness,fano,prop_responsive_ROIs,n_ROIs
FISH_07,Mutant + Mn,during,0.15000000000000002,0.4444902712543059,0.041666666666666664,0.6944444444444444,0.7071067811865476,0.0,1.0000000000000002,0.5763075722092116,10248
FISH_07,Mutant + Mn,post,0.15,0.3655780626750802,0.041666666666666664,1.1111111111111112,0.9380831519646861,0.14285714285714285,1.0,0.634367681498829,10248
FISH_07,Mutant + Mn,pre,0.0,0.0,0.0,0.5555555555555556,0.5471012044321931,0.0,1.0000000000000002,0.39227166276346603,10248
